GameID,HomeTeam,HomeTeamID,AwayTeam,AwayTeamID,Date
22100001,MIL,1610612749,BKN,1610612751,20211019
22100002,LAL,1610612747,GSW,1610612744,20211019
22100003,CHA,1610612766,IND,1610612754,20211020
22100004,DET,1610612765,CHI,1610612741,20211020
22100005,NYK,1610612752,BOS,1610612738,20211020
22100006,TOR,1610612761,WAS,1610612764,20211020
22100007,MEM,1610612763,CLE,1610612739,20211020
22100008,MIN,1610612750,HOU,1610612745,20211020
22100009,NOP,1610612740,PHI,1610612755,20211020
22100010,SAS,1610612759,ORL,1610612753,20211020
22100011,UTA,1610612762,OKC,1610612760,20211020
22100012,PHX,1610612756,DEN,1610612743,20211020
22100013,POR,1610612757,SAC,1610612758,20211020
22100014,ATL,1610612737,DAL,1610612742,20211021
22100015,MIA,1610612748,MIL,1610612749,20211021
22100016,GSW,1610612744,LAC,1610612746,20211021
22100017,CLE,1610612739,CHA,1610612766,20211022
22100018,ORL,1610612753,NYK,1610612752,20211022
22100019,WAS,1610612764,IND,1610612754,20211022
22100020,BOS,1610612738,TOR,1610612761,20211022
22100021,PHI,1610612755,BKN,1610612751,20211022
22100022,CHI,1610612741,NOP,1610612740,20211022
22100023,HOU,1610612745,OKC,1610612760,20211022
22100024,DEN,1610612743,SAS,1610612759,20211022
22100025,LAL,1610612747,PHX,1610612756,20211022
22100026,SAC,1610612758,UTA,1610612762,20211022
22100027,CLE,1610612739,ATL,1610612737,20211023
22100028,IND,1610612754,MIA,1610612748,20211023
22100029,TOR,1610612761,DAL,1610612742,20211023
22100030,CHI,1610612741,DET,1610612765,20211023
22100031,MIN,1610612750,NOP,1610612740,20211023
22100032,SAS,1610612759,MIL,1610612749,20211023
22100033,POR,1610612757,PHX,1610612756,20211023
22100034,LAC,1610612746,MEM,1610612763,20211023
22100035,BKN,1610612751,CHA,1610612766,20211024
22100036,NYK,1610612752,ORL,1610612753,20211024
22100037,HOU,1610612745,BOS,1610612738,20211024
22100038,OKC,1610612760,PHI,1610612755,20211024
22100039,SAC,1610612758,GSW,1610612744,20211024
22100040,LAL,1610612747,MEM,1610612763,20211024
22100041,CHA,1610612766,BOS,1610612738,20211025
22100042,IND,1610612754,MIL,1610612749,20211025
22100043,ATL,1610612737,DET,1610612765,20211025
22100044,BKN,1610612751,WAS,1610612764,20211025
22100045,MIA,1610612748,ORL,1610612753,20211025
22100046,TOR,1610612761,CHI,1610612741,20211025
22100047,MIN,1610612750,NOP,1610612740,20211025
22100048,DEN,1610612743,CLE,1610612739,20211025
22100049,LAC,1610612746,POR,1610612757,20211025
22100050,NYK,1610612752,PHI,1610612755,20211026
22100051,OKC,1610612760,GSW,1610612744,20211026
22100052,DAL,1610612742,HOU,1610612745,20211026
22100053,SAS,1610612759,LAL,1610612747,20211026
22100054,UTA,1610612762,DEN,1610612743,20211026
22100055,ORL,1610612753,CHA,1610612766,20211027
22100056,BOS,1610612738,WAS,1610612764,20211027
22100057,BKN,1610612751,MIA,1610612748,20211027
22100058,TOR,1610612761,IND,1610612754,20211027
22100059,NOP,1610612740,ATL,1610612737,20211027
22100060,MIL,1610612749,MIN,1610612750,20211027
22100061,OKC,1610612760,LAL,1610612747,20211027
22100062,PHX,1610612756,SAC,1610612758,20211027
22100063,POR,1610612757,MEM,1610612763,20211027
22100064,LAC,1610612746,CLE,1610612739,20211027
22100065,PHI,1610612755,DET,1610612765,20211028
22100066,WAS,1610612764,ATL,1610612737,20211028
22100067,CHI,1610612741,NYK,1610612752,20211028
22100068,HOU,1610612745,UTA,1610612762,20211028
22100069,DAL,1610612742,SAS,1610612759,20211028
22100070,GSW,1610612744,MEM,1610612763,20211028
22100071,TOR,1610612761,ORL,1610612753,20211029
22100072,BKN,1610612751,IND,1610612754,20211029
22100073,MIA,1610612748,CHA,1610612766,20211029
22100074,NOP,1610612740,SAC,1610612758,20211029
22100075,DEN,1610612743,DAL,1610612742,20211029
22100076,POR,1610612757,LAC,1610612746,20211029
22100077,LAL,1610612747,CLE,1610612739,20211029
22100078,WAS,1610612764,BOS,1610612738,20211030
22100079,DET,1610612765,ORL,1610612753,20211030
22100080,NOP,1610612740,NYK,1610612752,20211030
22100081,IND,1610612754,TOR,1610612761,20211030
22100082,PHI,1610612755,ATL,1610612737,20211030
22100083,CHI,1610612741,UTA,1610612762,20211030
22100084,MEM,1610612763,MIA,1610612748,20211030
22100085,MIL,1610612749,SAS,1610612759,20211030
22100086,GSW,1610612744,OKC,1610612760,20211030
22100087,MIN,1610612750,DEN,1610612743,20211030
22100088,PHX,1610612756,CLE,1610612739,20211030
22100089,DAL,1610612742,SAC,1610612758,20211031
22100090,CHA,1610612766,POR,1610612757,20211031
22100091,MIL,1610612749,UTA,1610612762,20211031
22100092,BKN,1610612751,DET,1610612765,20211031
22100093,LAL,1610612747,HOU,1610612745,20211031
22100094,CHA,1610612766,CLE,1610612739,20211101
22100095,IND,1610612754,SAS,1610612759,20211101
22100096,PHI,1610612755,POR,1610612757,20211101
22100097,ATL,1610612737,WAS,1610612764,20211101
22100098,BOS,1610612738,CHI,1610612741,20211101
22100099,NYK,1610612752,TOR,1610612761,20211101
22100100,MEM,1610612763,DEN,1610612743,20211101
22100101,MIN,1610612750,ORL,1610612753,20211101
22100102,LAC,1610612746,OKC,1610612760,20211101
22100103,DET,1610612765,MIL,1610612749,20211102
22100104,DAL,1610612742,MIA,1610612748,20211102
22100105,UTA,1610612762,SAC,1610612758,20211102
22100106,PHX,1610612756,NOP,1610612740,20211102
22100107,LAL,1610612747,HOU,1610612745,20211102
22100108,CLE,1610612739,POR,1610612757,20211103
22100109,IND,1610612754,NYK,1610612752,20211103
22100110,ORL,1610612753,BOS,1610612738,20211103
22100111,PHI,1610612755,CHI,1610612741,20211103
22100112,WAS,1610612764,TOR,1610612761,20211103
22100113,BKN,1610612751,ATL,1610612737,20211103
22100114,MEM,1610612763,DEN,1610612743,20211103
22100115,MIN,1610612750,LAC,1610612746,20211103
22100116,SAS,1610612759,DAL,1610612742,20211103
22100117,GSW,1610612744,CHA,1610612766,20211103
22100118,SAC,1610612758,NOP,1610612740,20211103
22100119,DET,1610612765,PHI,1610612755,20211104
22100120,ATL,1610612737,UTA,1610612762,20211104
22100121,MIA,1610612748,BOS,1610612738,20211104
22100122,PHX,1610612756,HOU,1610612745,20211104
22100123,LAL,1610612747,OKC,1610612760,20211104
22100124,DET,1610612765,BKN,1610612751,20211105
22100125,ORL,1610612753,SAS,1610612759,20211105
22100126,WAS,1610612764,MEM,1610612763,20211105
22100127,TOR,1610612761,CLE,1610612739,20211105
22100128,MIL,1610612749,NYK,1610612752,20211105
22100129,MIN,1610612750,LAC,1610612746,20211105
22100130,GSW,1610612744,NOP,1610612740,20211105
22100131,POR,1610612757,IND,1610612754,20211105
22100132,SAC,1610612758,CHA,1610612766,20211105
22100133,DEN,1610612743,HOU,1610612745,20211106
22100134,MIA,1610612748,UTA,1610612762,20211106
22100135,CHI,1610612741,PHI,1610612755,20211106
22100136,DAL,1610612742,BOS,1610612738,20211106
22100137,PHX,1610612756,ATL,1610612737,20211106
22100138,POR,1610612757,LAL,1610612747,20211106
22100139,TOR,1610612761,BKN,1610612751,20211107
22100140,NYK,1610612752,CLE,1610612739,20211107
22100141,ORL,1610612753,UTA,1610612762,20211107
22100142,WAS,1610612764,MIL,1610612749,20211107
22100143,SAC,1610612758,IND,1610612754,20211107
22100144,OKC,1610612760,SAS,1610612759,20211107
22100145,GSW,1610612744,HOU,1610612745,20211107
22100146,LAC,1610612746,CHA,1610612766,20211107
22100147,PHI,1610612755,NYK,1610612752,20211108
22100148,CHI,1610612741,BKN,1610612751,20211108
22100149,MEM,1610612763,MIN,1610612750,20211108
22100150,DAL,1610612742,NOP,1610612740,20211108
22100151,DEN,1610612743,MIA,1610612748,20211108
22100152,GSW,1610612744,ATL,1610612737,20211108
22100153,SAC,1610612758,PHX,1610612756,20211108
22100154,LAL,1610612747,CHA,1610612766,20211108
22100155,PHI,1610612755,MIL,1610612749,20211109
22100156,UTA,1610612762,ATL,1610612737,20211109
22100157,LAC,1610612746,POR,1610612757,20211109
22100158,CLE,1610612739,WAS,1610612764,20211110
22100159,ORL,1610612753,BKN,1610612751,20211110
22100160,BOS,1610612738,TOR,1610612761,20211110
22100161,NYK,1610612752,MIL,1610612749,20211110
22100162,HOU,1610612745,DET,1610612765,20211110
22100163,CHI,1610612741,DAL,1610612742,20211110
22100164,MEM,1610612763,CHA,1610612766,20211110
22100165,NOP,1610612740,OKC,1610612760,20211110
22100166,SAS,1610612759,SAC,1610612758,20211110
22100167,DEN,1610612743,IND,1610612754,20211110
22100168,PHX,1610612756,POR,1610612757,20211110
22100169,GSW,1610612744,MIN,1610612750,20211110
22100170,LAL,1610612747,MIA,1610612748,20211110
22100171,PHI,1610612755,TOR,1610612761,20211111
22100172,UTA,1610612762,IND,1610612754,20211111
22100173,LAC,1610612746,MIA,1610612748,20211111
22100174,CHA,1610612766,NYK,1610612752,20211112
22100175,BOS,1610612738,MIL,1610612749,20211112
22100176,CLE,1610612739,DET,1610612765,20211112
22100177,HOU,1610612745,POR,1610612757,20211112
22100178,MEM,1610612763,PHX,1610612756,20211112
22100179,NOP,1610612740,BKN,1610612751,20211112
22100180,OKC,1610612760,SAC,1610612758,20211112
22100181,SAS,1610612759,DAL,1610612742,20211112
22100182,DEN,1610612743,ATL,1610612737,20211112
22100183,GSW,1610612744,CHI,1610612741,20211112
22100184,LAL,1610612747,MIN,1610612750,20211112
22100185,UTA,1610612762,MIA,1610612748,20211113
22100186,IND,1610612754,PHI,1610612755,20211113
22100187,ORL,1610612753,WAS,1610612764,20211113
22100188,NOP,1610612740,MEM,1610612763,20211113
22100189,TOR,1610612761,DET,1610612765,20211113
22100190,CLE,1610612739,BOS,1610612738,20211113
22100191,LAC,1610612746,MIN,1610612750,20211113
22100192,LAL,1610612747,SAS,1610612759,20211114
22100193,ATL,1610612737,MIL,1610612749,20211114
22100194,CHA,1610612766,GSW,1610612744,20211114
22100195,HOU,1610612745,PHX,1610612756,20211114
22100196,OKC,1610612760,BKN,1610612751,20211114
22100197,DEN,1610612743,POR,1610612757,20211114
22100198,LAC,1610612746,CHI,1610612741,20211114
22100199,CLE,1610612739,BOS,1610612738,20211115
22100200,DET,1610612765,SAC,1610612758,20211115
22100201,WAS,1610612764,NOP,1610612740,20211115
22100202,ATL,1610612737,ORL,1610612753,20211115
22100203,NYK,1610612752,IND,1610612754,20211115
22100204,DAL,1610612742,DEN,1610612743,20211115
22100205,MEM,1610612763,HOU,1610612745,20211115
22100206,MIN,1610612750,PHX,1610612756,20211115
22100207,OKC,1610612760,MIA,1610612748,20211115
22100208,POR,1610612757,TOR,1610612761,20211115
22100209,LAL,1610612747,CHI,1610612741,20211115
22100210,BKN,1610612751,GSW,1610612744,20211116
22100211,UTA,1610612762,PHI,1610612755,20211116
22100212,LAC,1610612746,SAS,1610612759,20211116
22100213,CHA,1610612766,WAS,1610612764,20211117
22100214,DET,1610612765,IND,1610612754,20211117
22100215,ATL,1610612737,BOS,1610612738,20211117
22100216,BKN,1610612751,CLE,1610612739,20211117
22100217,MIA,1610612748,NOP,1610612740,20211117
22100218,NYK,1610612752,ORL,1610612753,20211117
22100219,MIL,1610612749,LAL,1610612747,20211117
22100220,MIN,1610612750,SAC,1610612758,20211117
22100221,OKC,1610612760,HOU,1610612745,20211117
22100222,PHX,1610612756,DAL,1610612742,20211117
22100223,POR,1610612757,CHI,1610612741,20211117
22100224,CLE,1610612739,GSW,1610612744,20211118
22100225,MIA,1610612748,WAS,1610612764,20211118
22100226,MEM,1610612763,LAC,1610612746,20211118
22100227,MIN,1610612750,SAS,1610612759,20211118
22100228,DEN,1610612743,PHI,1610612755,20211118
22100229,UTA,1610612762,TOR,1610612761,20211118
22100230,CHA,1610612766,IND,1610612754,20211119
22100231,DET,1610612765,GSW,1610612744,20211119
22100232,BOS,1610612738,LAL,1610612747,20211119
22100233,BKN,1610612751,ORL,1610612753,20211119
22100234,MIL,1610612749,OKC,1610612760,20211119
22100235,NOP,1610612740,LAC,1610612746,20211119
22100236,DEN,1610612743,CHI,1610612741,20211119
22100237,PHX,1610612756,DAL,1610612742,20211119
22100238,SAC,1610612758,TOR,1610612761,20211119
22100239,NYK,1610612752,HOU,1610612745,20211120
22100240,IND,1610612754,NOP,1610612740,20211120
22100241,WAS,1610612764,MIA,1610612748,20211120
22100242,ATL,1610612737,CHA,1610612766,20211120
22100243,BOS,1610612738,OKC,1610612760,20211120
22100244,MIL,1610612749,ORL,1610612753,20211120
22100245,MIN,1610612750,MEM,1610612763,20211120
22100246,POR,1610612757,PHI,1610612755,20211120
22100247,SAC,1610612758,UTA,1610612762,20211120
22100248,LAC,1610612746,DAL,1610612742,20211121
22100249,DET,1610612765,LAL,1610612747,20211121
22100250,CHI,1610612741,NYK,1610612752,20211121
22100251,PHX,1610612756,DEN,1610612743,20211121
22100252,GSW,1610612744,TOR,1610612761,20211121
22100253,CLE,1610612739,BKN,1610612751,20211122
22100254,WAS,1610612764,CHA,1610612766,20211122
22100255,ATL,1610612737,OKC,1610612760,20211122
22100256,BOS,1610612738,HOU,1610612745,20211122
22100257,CHI,1610612741,IND,1610612754,20211122
22100258,MIL,1610612749,ORL,1610612753,20211122
22100259,NOP,1610612740,MIN,1610612750,20211122
22100260,SAS,1610612759,PHX,1610612756,20211122
22100261,UTA,1610612762,MEM,1610612763,20211122
22100262,SAC,1610612758,PHI,1610612755,20211122
22100263,DET,1610612765,MIA,1610612748,20211123
22100264,NYK,1610612752,LAL,1610612747,20211123
22100265,POR,1610612757,DEN,1610612743,20211123
22100266,LAC,1610612746,DAL,1610612742,20211123
22100267,CLE,1610612739,PHX,1610612756,20211124
22100268,IND,1610612754,LAL,1610612747,20211124
22100269,ORL,1610612753,CHA,1610612766,20211124
22100270,BOS,1610612738,BKN,1610612751,20211124
22100271,HOU,1610612745,CHI,1610612741,20211124
22100272,MEM,1610612763,TOR,1610612761,20211124
22100273,MIL,1610612749,DET,1610612765,20211124
22100274,MIN,1610612750,MIA,1610612748,20211124
22100275,NOP,1610612740,WAS,1610612764,20211124
22100276,OKC,1610612760,UTA,1610612762,20211124
22100277,SAS,1610612759,ATL,1610612737,20211124
22100278,GSW,1610612744,PHI,1610612755,20211124
22100279,SAC,1610612758,POR,1610612757,20211124
22100280,LAC,1610612746,DET,1610612765,20211126
22100281,CHA,1610612766,MIN,1610612750,20211126
22100282,NYK,1610612752,PHX,1610612756,20211126
22100283,ORL,1610612753,CHI,1610612741,20211126
22100284,IND,1610612754,TOR,1610612761,20211126
22100285,MEM,1610612763,ATL,1610612737,20211126
22100286,OKC,1610612760,WAS,1610612764,20211126
22100287,SAS,1610612759,BOS,1610612738,20211126
22100288,DEN,1610612743,MIL,1610612749,20211126
22100289,UTA,1610612762,NOP,1610612740,20211126
22100290,GSW,1610612744,POR,1610612757,20211126
22100291,LAL,1610612747,SAC,1610612758,20211126
22100292,PHI,1610612755,MIN,1610612750,20211127
22100293,ATL,1610612737,NYK,1610612752,20211127
22100294,BKN,1610612751,PHX,1610612756,20211127
22100295,CLE,1610612739,ORL,1610612753,20211127
22100296,CHI,1610612741,MIA,1610612748,20211127
22100297,HOU,1610612745,CHA,1610612766,20211127
22100298,DAL,1610612742,WAS,1610612764,20211127
22100299,UTA,1610612762,NOP,1610612740,20211127
22100300,LAC,1610612746,GSW,1610612744,20211128
22100301,IND,1610612754,MIL,1610612749,20211128
22100302,TOR,1610612761,BOS,1610612738,20211128
22100303,MEM,1610612763,SAC,1610612758,20211128
22100304,LAL,1610612747,DET,1610612765,20211128
22100305,PHI,1610612755,ORL,1610612753,20211129
22100306,MIA,1610612748,DEN,1610612743,20211129
22100307,CHI,1610612741,CHA,1610612766,20211129
22100308,HOU,1610612745,OKC,1610612760,20211129
22100309,MIN,1610612750,IND,1610612754,20211129
22100310,DAL,1610612742,CLE,1610612739,20211129
22100311,SAS,1610612759,WAS,1610612764,20211129
22100312,UTA,1610612762,POR,1610612757,20211129
22100313,LAC,1610612746,NOP,1610612740,20211129
22100314,BKN,1610612751,NYK,1610612752,20211130
22100315,TOR,1610612761,MEM,1610612763,20211130
22100316,PHX,1610612756,GSW,1610612744,20211130
22100317,POR,1610612757,DET,1610612765,20211130
22100318,SAC,1610612758,LAL,1610612747,20211130
22100319,IND,1610612754,ATL,1610612737,20211201
22100320,ORL,1610612753,DEN,1610612743,20211201
22100321,WAS,1610612764,MIN,1610612750,20211201
22100322,BOS,1610612738,PHI,1610612755,20211201
22100323,MIA,1610612748,CLE,1610612739,20211201
22100324,MIL,1610612749,CHA,1610612766,20211201
22100325,NOP,1610612740,DAL,1610612742,20211201
22100326,OKC,1610612760,HOU,1610612745,20211201
22100327,LAC,1610612746,SAC,1610612758,20211201
22100328,NYK,1610612752,CHI,1610612741,20211202
22100329,TOR,1610612761,MIL,1610612749,20211202
22100330,MEM,1610612763,OKC,1610612760,20211202
22100331,PHX,1610612756,DET,1610612765,20211202
22100332,POR,1610612757,SAS,1610612759,20211202
22100333,IND,1610612754,MIA,1610612748,20211203
22100334,WAS,1610612764,CLE,1610612739,20211203
22100335,ATL,1610612737,PHI,1610612755,20211203
22100336,BKN,1610612751,MIN,1610612750,20211203
22100337,HOU,1610612745,ORL,1610612753,20211203
22100338,DAL,1610612742,NOP,1610612740,20211203
22100339,UTA,1610612762,BOS,1610612738,20211203
22100340,GSW,1610612744,PHX,1610612756,20211203
22100341,LAL,1610612747,LAC,1610612746,20211203
22100342,NYK,1610612752,DEN,1610612743,20211204
22100343,BKN,1610612751,CHI,1610612741,20211204
22100344,MIL,1610612749,MIA,1610612748,20211204
22100345,DAL,1610612742,MEM,1610612763,20211204
22100346,GSW,1610612744,SAS,1610612759,20211204
22100347,POR,1610612757,BOS,1610612738,20211204
22100348,SAC,1610612758,LAC,1610612746,20211204
22100349,CLE,1610612739,UTA,1610612762,20211205
22100350,ATL,1610612737,CHA,1610612766,20211205
22100351,TOR,1610612761,WAS,1610612764,20211205
22100352,HOU,1610612745,NOP,1610612740,20211205
22100353,CHA,1610612766,PHI,1610612755,20211206
22100354,DET,1610612765,OKC,1610612760,20211206
22100355,IND,1610612754,WAS,1610612764,20211206
22100356,MIA,1610612748,MEM,1610612763,20211206
22100357,CHI,1610612741,DEN,1610612743,20211206
22100358,MIL,1610612749,CLE,1610612739,20211206
22100359,MIN,1610612750,ATL,1610612737,20211206
22100360,PHX,1610612756,SAS,1610612759,20211206
22100361,GSW,1610612744,ORL,1610612753,20211206
22100362,POR,1610612757,LAC,1610612746,20211206
22100363,DAL,1610612742,BKN,1610612751,20211207
22100364,SAS,1610612759,NYK,1610612752,20211207
22100365,LAL,1610612747,BOS,1610612738,20211207
22100366,CHA,1610612766,PHI,1610612755,20211208
22100367,CLE,1610612739,CHI,1610612741,20211208
22100368,DET,1610612765,WAS,1610612764,20211208
22100369,IND,1610612754,NYK,1610612752,20211208
22100370,MIA,1610612748,MIL,1610612749,20211208
22100371,TOR,1610612761,OKC,1610612760,20211208
22100372,HOU,1610612745,BKN,1610612751,20211208
22100373,MEM,1610612763,DAL,1610612742,20211208
22100374,MIN,1610612750,UTA,1610612762,20211208
22100375,NOP,1610612740,DEN,1610612743,20211208
22100376,GSW,1610612744,POR,1610612757,20211208
22100377,SAC,1610612758,ORL,1610612753,20211208
22100378,LAC,1610612746,BOS,1610612738,20211208
22100379,PHI,1610612755,UTA,1610612762,20211209
22100380,MEM,1610612763,LAL,1610612747,20211209
22100381,SAS,1610612759,DEN,1610612743,20211209
22100382,CHA,1610612766,SAC,1610612758,20211210
22100383,IND,1610612754,DAL,1610612742,20211210
22100384,ATL,1610612737,BKN,1610612751,20211210
22100385,TOR,1610612761,NYK,1610612752,20211210
22100386,HOU,1610612745,MIL,1610612749,20211210
22100387,MIN,1610612750,CLE,1610612739,20211210
22100388,NOP,1610612740,DET,1610612765,20211210
22100389,OKC,1610612760,LAL,1610612747,20211210
22100390,PHX,1610612756,BOS,1610612738,20211210
22100391,LAC,1610612746,ORL,1610612753,20211211
22100392,WAS,1610612764,UTA,1610612762,20211211
22100393,CLE,1610612739,SAC,1610612758,20211211
22100394,MIA,1610612748,CHI,1610612741,20211211
22100395,MEM,1610612763,HOU,1610612745,20211211
22100396,PHI,1610612755,GSW,1610612744,20211211
22100397,SAS,1610612759,DEN,1610612743,20211211
22100398,NYK,1610612752,MIL,1610612749,20211212
22100399,DET,1610612765,BKN,1610612751,20211212
22100400,OKC,1610612760,DAL,1610612742,20211212
22100401,SAS,1610612759,NOP,1610612740,20211212
22100402,POR,1610612757,MIN,1610612750,20211212
22100403,LAL,1610612747,ORL,1610612753,20211212
22100404,CLE,1610612739,MIA,1610612748,20211213
22100405,IND,1610612754,GSW,1610612744,20211213
22100406,TOR,1610612761,SAC,1610612758,20211213
22100407,ATL,1610612737,HOU,1610612745,20211213
22100408,BOS,1610612738,MIL,1610612749,20211213
22100409,MEM,1610612763,PHI,1610612755,20211213
22100410,DAL,1610612742,CHA,1610612766,20211213
22100411,DEN,1610612743,WAS,1610612764,20211213
22100412,LAC,1610612746,PHX,1610612756,20211213
22100413,BKN,1610612751,TOR,1610612761,20211214
22100414,NYK,1610612752,GSW,1610612744,20211214
22100415,CHI,1610612741,DET,1610612765,20220111
22100416,POR,1610612757,PHX,1610612756,20211214
22100417,CLE,1610612739,HOU,1610612745,20211215
22100418,ORL,1610612753,ATL,1610612737,20211215
22100419,PHI,1610612755,MIA,1610612748,20211215
22100420,DAL,1610612742,LAL,1610612747,20211215
22100421,MIL,1610612749,IND,1610612754,20211215
22100422,OKC,1610612760,NOP,1610612740,20211215
22100423,SAS,1610612759,CHA,1610612766,20211215
22100424,DEN,1610612743,MIN,1610612750,20211215
22100425,UTA,1610612762,LAC,1610612746,20211215
22100426,POR,1610612757,MEM,1610612763,20211215
22100427,SAC,1610612758,WAS,1610612764,20211215
22100428,IND,1610612754,DET,1610612765,20211216
22100429,BKN,1610612751,PHI,1610612755,20211216
22100430,TOR,1610612761,CHI,1610612741,20220203
22100431,HOU,1610612745,NYK,1610612752,20211216
22100432,PHX,1610612756,WAS,1610612764,20211216
22100433,ORL,1610612753,MIA,1610612748,20211217
22100434,ATL,1610612737,DEN,1610612743,20211217
22100435,BOS,1610612738,GSW,1610612744,20211217
22100436,MIN,1610612750,LAL,1610612747,20211217
22100437,UTA,1610612762,SAS,1610612759,20211217
22100438,NOP,1610612740,MIL,1610612749,20211217
22100439,POR,1610612757,CHA,1610612766,20211217
22100440,SAC,1610612758,MEM,1610612763,20211217
22100441,DET,1610612765,HOU,1610612745,20211218
22100442,BKN,1610612751,ORL,1610612753,20211218
22100443,TOR,1610612761,GSW,1610612744,20211218
22100444,OKC,1610612760,LAC,1610612746,20211218
22100445,BOS,1610612738,NYK,1610612752,20211218
22100446,MIL,1610612749,CLE,1610612739,20211218
22100447,UTA,1610612762,WAS,1610612764,20211218
22100448,CHI,1610612741,LAL,1610612747,20211219
22100449,DET,1610612765,MIA,1610612748,20211219
22100450,MEM,1610612763,POR,1610612757,20211219
22100451,SAC,1610612758,SAS,1610612759,20211219
22100452,ATL,1610612737,CLE,1610612739,20220331
22100453,BKN,1610612751,DEN,1610612743,20220126
22100454,PHI,1610612755,NOP,1610612740,20220125
22100455,MIN,1610612750,DAL,1610612742,20211219
22100456,PHX,1610612756,CHA,1610612766,20211219
22100457,BOS,1610612738,PHI,1610612755,20211220
22100458,TOR,1610612761,ORL,1610612753,20220304
22100459,CHI,1610612741,HOU,1610612745,20211220
22100460,MEM,1610612763,OKC,1610612760,20211220
22100461,UTA,1610612762,CHA,1610612766,20211220
22100462,GSW,1610612744,SAC,1610612758,20211220
22100463,LAC,1610612746,SAS,1610612759,20211220
22100464,BKN,1610612751,WAS,1610612764,20220217
22100465,MIA,1610612748,IND,1610612754,20211221
22100466,NYK,1610612752,DET,1610612765,20211221
22100467,NOP,1610612740,POR,1610612757,20211221
22100468,DAL,1610612742,MIN,1610612750,20211221
22100469,LAL,1610612747,PHX,1610612756,20211221
22100470,ATL,1610612737,ORL,1610612753,20211222
22100471,BOS,1610612738,CLE,1610612739,20211222
22100472,CHI,1610612741,TOR,1610612761,20220126
22100473,MIL,1610612749,HOU,1610612745,20211222
22100474,OKC,1610612760,DEN,1610612743,20211222
22100475,SAC,1610612758,LAC,1610612746,20211222
22100476,IND,1610612754,HOU,1610612745,20211223
22100477,ORL,1610612753,NOP,1610612740,20211223
22100478,PHI,1610612755,ATL,1610612737,20211223
22100479,MIA,1610612748,DET,1610612765,20211223
22100480,NYK,1610612752,WAS,1610612764,20211223
22100481,DAL,1610612742,MIL,1610612749,20211223
22100482,DEN,1610612743,CHA,1610612766,20211223
22100483,PHX,1610612756,OKC,1610612760,20211223
22100484,UTA,1610612762,MIN,1610612750,20211223
22100485,GSW,1610612744,MEM,1610612763,20211223
22100486,POR,1610612757,BKN,1610612751,20220110
22100487,LAL,1610612747,SAS,1610612759,20211223
22100488,NYK,1610612752,ATL,1610612737,20211225
22100489,MIL,1610612749,BOS,1610612738,20211225
22100490,PHX,1610612756,GSW,1610612744,20211225
22100491,LAL,1610612747,BKN,1610612751,20211225
22100492,UTA,1610612762,DAL,1610612742,20211225
22100493,MIA,1610612748,ORL,1610612753,20211226
22100494,CLE,1610612739,TOR,1610612761,20211226
22100495,WAS,1610612764,PHI,1610612755,20211226
22100496,SAC,1610612758,MEM,1610612763,20211226
22100497,OKC,1610612760,NOP,1610612740,20211226
22100498,SAS,1610612759,DET,1610612765,20211226
22100499,CHI,1610612741,IND,1610612754,20211226
22100500,LAC,1610612746,DEN,1610612743,20211226
22100501,CHA,1610612766,HOU,1610612745,20211227
22100502,ATL,1610612737,CHI,1610612741,20211227
22100503,MIN,1610612750,BOS,1610612738,20211227
22100504,SAS,1610612759,UTA,1610612762,20211227
22100505,PHX,1610612756,MEM,1610612763,20211227
22100506,POR,1610612757,DAL,1610612742,20211227
22100507,LAC,1610612746,BKN,1610612751,20211227
22100508,ORL,1610612753,MIL,1610612749,20211228
22100509,MIA,1610612748,WAS,1610612764,20211228
22100510,TOR,1610612761,PHI,1610612755,20211228
22100511,HOU,1610612745,LAL,1610612747,20211228
22100512,MIN,1610612750,NYK,1610612752,20211228
22100513,NOP,1610612740,CLE,1610612739,20211228
22100514,GSW,1610612744,DEN,1610612743,20211228
22100515,SAC,1610612758,OKC,1610612760,20211228
22100516,DET,1610612765,NYK,1610612752,20211229
22100517,IND,1610612754,CHA,1610612766,20211229
22100518,BOS,1610612738,LAC,1610612746,20211229
22100519,CHI,1610612741,ATL,1610612737,20211229
22100520,MEM,1610612763,LAL,1610612747,20211229
22100521,SAS,1610612759,MIA,1610612748,20220203
22100522,PHX,1610612756,OKC,1610612760,20211229
22100523,POR,1610612757,UTA,1610612762,20211229
22100524,SAC,1610612758,DAL,1610612742,20211229
22100525,BKN,1610612751,PHI,1610612755,20211230
22100526,ORL,1610612753,MIL,1610612749,20211230
22100527,WAS,1610612764,CLE,1610612739,20211230
22100528,DEN,1610612743,GSW,1610612744,20220307
22100529,BOS,1610612738,PHX,1610612756,20211231
22100530,IND,1610612754,CHI,1610612741,20211231
22100531,SAC,1610612758,DAL,1610612742,20211231
22100532,HOU,1610612745,MIA,1610612748,20211231
22100533,CLE,1610612739,ATL,1610612737,20211231
22100534,TOR,1610612761,LAC,1610612746,20211231
22100535,MEM,1610612763,SAS,1610612759,20211231
22100536,OKC,1610612760,NYK,1610612752,20211231
22100537,UTA,1610612762,MIN,1610612750,20211231
22100538,LAL,1610612747,POR,1610612757,20211231
22100539,MIL,1610612749,NOP,1610612740,20220101
22100540,DET,1610612765,SAS,1610612759,20220101
22100541,WAS,1610612764,CHI,1610612741,20220101
22100542,BKN,1610612751,LAC,1610612746,20220101
22100543,HOU,1610612745,DEN,1610612743,20220101
22100544,UTA,1610612762,GSW,1610612744,20220101
22100545,TOR,1610612761,NYK,1610612752,20220102
22100546,BOS,1610612738,ORL,1610612753,20220102
22100547,CLE,1610612739,IND,1610612754,20220102
22100548,SAC,1610612758,MIA,1610612748,20220102
22100549,CHA,1610612766,PHX,1610612756,20220102
22100550,OKC,1610612760,DAL,1610612742,20220102
22100551,LAL,1610612747,MIN,1610612750,20220102
22100552,PHI,1610612755,HOU,1610612745,20220103
22100553,WAS,1610612764,CHA,1610612766,20220103
22100554,BKN,1610612751,MEM,1610612763,20220103
22100555,CHI,1610612741,ORL,1610612753,20220103
22100556,MIL,1610612749,DET,1610612765,20220103
22100557,NOP,1610612740,UTA,1610612762,20220103
22100558,DAL,1610612742,DEN,1610612743,20220103
22100559,GSW,1610612744,MIA,1610612748,20220103
22100560,POR,1610612757,ATL,1610612737,20220103
22100561,LAC,1610612746,MIN,1610612750,20220103
22100562,CLE,1610612739,MEM,1610612763,20220104
22100563,TOR,1610612761,SAS,1610612759,20220104
22100564,NYK,1610612752,IND,1610612754,20220104
22100565,NOP,1610612740,PHX,1610612756,20220104
22100566,LAL,1610612747,SAC,1610612758,20220104
22100567,CHA,1610612766,DET,1610612765,20220105
22100568,ORL,1610612753,PHI,1610612755,20220105
22100569,WAS,1610612764,HOU,1610612745,20220105
22100570,BOS,1610612738,SAS,1610612759,20220105
22100571,IND,1610612754,BKN,1610612751,20220105
22100572,DAL,1610612742,GSW,1610612744,20220105
22100573,MIL,1610612749,TOR,1610612761,20220105
22100574,MIN,1610612750,OKC,1610612760,20220105
22100575,DEN,1610612743,UTA,1610612762,20220105
22100576,POR,1610612757,MIA,1610612748,20220105
22100577,SAC,1610612758,ATL,1610612737,20220105
22100578,NYK,1610612752,BOS,1610612738,20220106
22100579,MEM,1610612763,DET,1610612765,20220106
22100580,NOP,1610612740,GSW,1610612744,20220106
22100581,PHX,1610612756,LAC,1610612746,20220106
22100582,PHI,1610612755,SAS,1610612759,20220107
22100583,BKN,1610612751,MIL,1610612749,20220107
22100584,TOR,1610612761,UTA,1610612762,20220107
22100585,CHI,1610612741,WAS,1610612764,20220107
22100586,HOU,1610612745,DAL,1610612742,20220107
22100587,OKC,1610612760,MIN,1610612750,20220107
22100588,DEN,1610612743,SAC,1610612758,20220107
22100589,LAL,1610612747,ATL,1610612737,20220107
22100590,POR,1610612757,CLE,1610612739,20220107
22100591,LAC,1610612746,MEM,1610612763,20220108
22100592,CHA,1610612766,MIL,1610612749,20220108
22100593,DET,1610612765,ORL,1610612753,20220108
22100594,IND,1610612754,UTA,1610612762,20220108
22100595,BOS,1610612738,NYK,1610612752,20220108
22100596,PHX,1610612756,MIA,1610612748,20220108
22100597,LAC,1610612746,ATL,1610612737,20220109
22100598,ORL,1610612753,WAS,1610612764,20220109
22100599,TOR,1610612761,NOP,1610612740,20220109
22100600,HOU,1610612745,MIN,1610612750,20220109
22100601,OKC,1610612760,DEN,1610612743,20220109
22100602,BKN,1610612751,SAS,1610612759,20220109
22100603,DAL,1610612742,CHI,1610612741,20220109
22100604,GSW,1610612744,CLE,1610612739,20220109
22100605,POR,1610612757,SAC,1610612758,20220109
22100606,LAL,1610612747,MEM,1610612763,20220109
22100607,CHA,1610612766,MIL,1610612749,20220110
22100608,DET,1610612765,UTA,1610612762,20220110
22100609,BOS,1610612738,IND,1610612754,20220110
22100610,NYK,1610612752,SAS,1610612759,20220110
22100611,SAC,1610612758,CLE,1610612739,20220110
22100612,WAS,1610612764,OKC,1610612760,20220111
22100613,TOR,1610612761,PHX,1610612756,20220111
22100614,MEM,1610612763,GSW,1610612744,20220111
22100615,NOP,1610612740,MIN,1610612750,20220111
22100616,LAC,1610612746,DEN,1610612743,20220111
22100617,DET,1610612765,PHX,1610612756,20220116
22100618,IND,1610612754,BOS,1610612738,20220112
22100619,PHI,1610612755,CHA,1610612766,20220112
22100620,WAS,1610612764,ORL,1610612753,20220112
22100621,ATL,1610612737,MIA,1610612748,20220112
22100622,NYK,1610612752,DAL,1610612742,20220112
22100623,SAS,1610612759,HOU,1610612745,20220112
22100624,UTA,1610612762,CLE,1610612739,20220112
22100625,CHI,1610612741,BKN,1610612751,20220112
22100626,SAC,1610612758,LAL,1610612747,20220112
22100627,MIL,1610612749,GSW,1610612744,20220113
22100628,MEM,1610612763,MIN,1610612750,20220113
22100629,NOP,1610612740,LAC,1610612746,20220113
22100630,BKN,1610612751,OKC,1610612760,20220113
22100631,DEN,1610612743,POR,1610612757,20220113
22100632,CHA,1610612766,ORL,1610612753,20220114
22100633,DET,1610612765,TOR,1610612761,20220114
22100634,IND,1610612754,PHX,1610612756,20220114
22100635,PHI,1610612755,BOS,1610612738,20220114
22100636,MIA,1610612748,ATL,1610612737,20220114
22100637,CHI,1610612741,GSW,1610612744,20220114
22100638,SAS,1610612759,CLE,1610612739,20220114
22100639,MEM,1610612763,DAL,1610612742,20220114
22100640,SAC,1610612758,HOU,1610612745,20220114
22100641,MIL,1610612749,TOR,1610612761,20220115
22100642,WAS,1610612764,POR,1610612757,20220115
22100643,ATL,1610612737,NYK,1610612752,20220115
22100644,BKN,1610612751,NOP,1610612740,20220115
22100645,MIA,1610612748,PHI,1610612755,20220115
22100646,OKC,1610612760,CLE,1610612739,20220115
22100647,BOS,1610612738,CHI,1610612741,20220115
22100648,SAS,1610612759,LAC,1610612746,20220115
22100649,DEN,1610612743,LAL,1610612747,20220115
22100650,DAL,1610612742,ORL,1610612753,20220115
22100651,SAC,1610612758,HOU,1610612745,20220116
22100652,MIN,1610612750,GSW,1610612744,20220116
22100653,DEN,1610612743,UTA,1610612762,20220116
22100654,BOS,1610612738,NOP,1610612740,20220117
22100655,NYK,1610612752,CHA,1610612766,20220117
22100656,WAS,1610612764,PHI,1610612755,20220117
22100657,CLE,1610612739,BKN,1610612751,20220117
22100658,MEM,1610612763,CHI,1610612741,20220117
22100659,LAC,1610612746,IND,1610612754,20220117
22100660,ATL,1610612737,MIL,1610612749,20220117
22100661,ORL,1610612753,POR,1610612757,20220117
22100662,MIA,1610612748,TOR,1610612761,20220117
22100663,DAL,1610612742,OKC,1610612760,20220117
22100664,SAS,1610612759,PHX,1610612756,20220117
22100665,LAL,1610612747,UTA,1610612762,20220117
22100666,NYK,1610612752,MIN,1610612750,20220118
22100667,GSW,1610612744,DET,1610612765,20220118
22100668,PHI,1610612755,ORL,1610612753,20220119
22100669,WAS,1610612764,BKN,1610612751,20220119
22100670,ATL,1610612737,MIN,1610612750,20220119
22100671,BOS,1610612738,CHA,1610612766,20220119
22100672,MIA,1610612748,POR,1610612757,20220119
22100673,CHI,1610612741,CLE,1610612739,20220119
22100674,MIL,1610612749,MEM,1610612763,20220119
22100675,DAL,1610612742,TOR,1610612761,20220119
22100676,SAS,1610612759,OKC,1610612760,20220119
22100677,UTA,1610612762,HOU,1610612745,20220119
22100678,DEN,1610612743,LAC,1610612746,20220119
22100679,SAC,1610612758,DET,1610612765,20220119
22100680,LAL,1610612747,IND,1610612754,20220119
22100681,NYK,1610612752,NOP,1610612740,20220120
22100682,DAL,1610612742,PHX,1610612756,20220120
22100683,GSW,1610612744,IND,1610612754,20220120
22100684,CHA,1610612766,OKC,1610612760,20220121
22100685,ORL,1610612753,LAL,1610612747,20220121
22100686,PHI,1610612755,LAC,1610612746,20220121
22100687,ATL,1610612737,MIA,1610612748,20220121
22100688,BOS,1610612738,POR,1610612757,20220121
22100689,WAS,1610612764,TOR,1610612761,20220121
22100690,MIL,1610612749,CHI,1610612741,20220121
22100691,SAS,1610612759,BKN,1610612751,20220121
22100692,DEN,1610612743,MEM,1610612763,20220121
22100693,UTA,1610612762,DET,1610612765,20220121
22100694,GSW,1610612744,HOU,1610612745,20220121
22100695,CLE,1610612739,OKC,1610612760,20220122
22100696,MIL,1610612749,SAC,1610612758,20220122
22100697,PHX,1610612756,IND,1610612754,20220122
22100698,NYK,1610612752,LAC,1610612746,20220123
22100699,WAS,1610612764,BOS,1610612738,20220123
22100700,MIA,1610612748,LAL,1610612747,20220123
22100701,ORL,1610612753,CHI,1610612741,20220123
22100702,TOR,1610612761,POR,1610612757,20220123
22100703,CHA,1610612766,ATL,1610612737,20220123
22100704,SAS,1610612759,PHI,1610612755,20220123
22100705,DAL,1610612742,MEM,1610612763,20220123
22100706,MIN,1610612750,BKN,1610612751,20220123
22100707,DEN,1610612743,DET,1610612765,20220123
22100708,GSW,1610612744,UTA,1610612762,20220123
22100709,CLE,1610612739,NYK,1610612752,20220124
22100710,ATL,1610612737,CHI,1610612741,20220303
22100711,HOU,1610612745,PHI,1610612755,20220110
22100712,NOP,1610612740,IND,1610612754,20220124
22100713,PHX,1610612756,UTA,1610612762,20220124
22100714,DET,1610612765,DEN,1610612743,20220125
22100715,TOR,1610612761,CHA,1610612766,20220125
22100716,WAS,1610612764,LAC,1610612746,20220125
22100717,BOS,1610612738,SAC,1610612758,20220125
22100718,BKN,1610612751,LAL,1610612747,20220125
22100719,HOU,1610612745,SAS,1610612759,20220125
22100720,GSW,1610612744,DAL,1610612742,20220125
22100721,POR,1610612757,MIN,1610612750,20220125
22100722,CLE,1610612739,MIL,1610612749,20220126
22100723,IND,1610612754,CHA,1610612766,20220126
22100724,ORL,1610612753,LAC,1610612746,20220126
22100725,ATL,1610612737,SAC,1610612758,20220126
22100726,BKN,1610612751,TOR,1610612761,20220228
22100727,MIA,1610612748,NYK,1610612752,20220126
22100728,SAS,1610612759,MEM,1610612763,20220126
22100729,NOP,1610612740,DEN,1610612743,20220128
22100730,OKC,1610612760,CHI,1610612741,20220124
22100731,UTA,1610612762,PHX,1610612756,20220126
22100732,POR,1610612757,DAL,1610612742,20220126
22100733,PHI,1610612755,LAL,1610612747,20220127
22100734,GSW,1610612744,MIN,1610612750,20220127
22100735,CHA,1610612766,LAL,1610612747,20220128
22100736,ORL,1610612753,DET,1610612765,20220128
22100737,ATL,1610612737,BOS,1610612738,20220128
22100738,MIA,1610612748,LAC,1610612746,20220128
22100739,HOU,1610612745,POR,1610612757,20220128
22100740,MEM,1610612763,UTA,1610612762,20220128
22100741,OKC,1610612760,IND,1610612754,20220128
22100742,SAS,1610612759,CHI,1610612741,20220128
22100743,PHX,1610612756,MIN,1610612750,20220128
22100744,MIL,1610612749,NYK,1610612752,20220128
22100745,NOP,1610612740,BOS,1610612738,20220129
22100746,DAL,1610612742,IND,1610612754,20220129
22100747,PHI,1610612755,SAC,1610612758,20220129
22100748,MIA,1610612748,TOR,1610612761,20220129
22100749,MEM,1610612763,WAS,1610612764,20220129
22100750,GSW,1610612744,BKN,1610612751,20220129
22100751,ATL,1610612737,LAL,1610612747,20220130
22100752,CHA,1610612766,LAC,1610612746,20220130
22100753,CHI,1610612741,POR,1610612757,20220130
22100754,DET,1610612765,CLE,1610612739,20220130
22100755,ORL,1610612753,DAL,1610612742,20220130
22100756,MIL,1610612749,DEN,1610612743,20220130
22100757,MIN,1610612750,UTA,1610612762,20220130
22100758,PHX,1610612756,SAS,1610612759,20220130
22100759,CLE,1610612739,NOP,1610612740,20220131
22100760,IND,1610612754,LAC,1610612746,20220131
22100761,PHI,1610612755,MEM,1610612763,20220131
22100762,BOS,1610612738,MIA,1610612748,20220131
22100763,NYK,1610612752,SAC,1610612758,20220131
22100764,HOU,1610612745,GSW,1610612744,20220131
22100765,OKC,1610612760,POR,1610612757,20220131
22100766,DET,1610612765,NOP,1610612740,20220201
22100767,ATL,1610612737,TOR,1610612761,20220131
22100768,MIL,1610612749,WAS,1610612764,20220201
22100769,CHI,1610612741,ORL,1610612753,20220201
22100770,MIN,1610612750,DEN,1610612743,20220201
22100771,SAS,1610612759,GSW,1610612744,20220201
22100772,PHX,1610612756,BKN,1610612751,20220201
22100773,IND,1610612754,ORL,1610612753,20220202
22100774,PHI,1610612755,WAS,1610612764,20220202
22100775,BOS,1610612738,CHA,1610612766,20220202
22100776,NYK,1610612752,MEM,1610612763,20220202
22100777,HOU,1610612745,CLE,1610612739,20220202
22100778,DAL,1610612742,OKC,1610612760,20220202
22100779,UTA,1610612762,DEN,1610612743,20220202
22100780,SAC,1610612758,BKN,1610612751,20220202
22100781,LAL,1610612747,POR,1610612757,20220202
22100782,DET,1610612765,MIN,1610612750,20220203
22100783,ATL,1610612737,PHX,1610612756,20220203
22100784,TOR,1610612761,MIA,1610612748,20220201
22100785,GSW,1610612744,SAC,1610612758,20220203
22100786,LAC,1610612746,LAL,1610612747,20220203
22100787,CHA,1610612766,CLE,1610612739,20220204
22100788,DET,1610612765,BOS,1610612738,20220204
22100789,IND,1610612754,CHI,1610612741,20220204
22100790,TOR,1610612761,ATL,1610612737,20220204
22100791,DAL,1610612742,PHI,1610612755,20220204
22100792,SAS,1610612759,HOU,1610612745,20220204
22100793,UTA,1610612762,BKN,1610612751,20220204
22100794,DEN,1610612743,NOP,1610612740,20220204
22100795,POR,1610612757,OKC,1610612760,20220204
22100796,ORL,1610612753,MEM,1610612763,20220205
22100797,CHA,1610612766,MIA,1610612748,20220205
22100798,WAS,1610612764,PHX,1610612756,20220205
22100799,LAL,1610612747,NYK,1610612752,20220205
22100800,POR,1610612757,MIL,1610612749,20220205
22100801,SAC,1610612758,OKC,1610612760,20220205
22100802,CHI,1610612741,PHI,1610612755,20220206
22100803,MIN,1610612750,DET,1610612765,20220206
22100804,DEN,1610612743,BKN,1610612751,20220206
22100805,CLE,1610612739,IND,1610612754,20220206
22100806,ORL,1610612753,BOS,1610612738,20220206
22100807,DAL,1610612742,ATL,1610612737,20220206
22100808,HOU,1610612745,NOP,1610612740,20220206
22100809,LAC,1610612746,MIL,1610612749,20220206
22100810,CHA,1610612766,TOR,1610612761,20220207
22100811,WAS,1610612764,MIA,1610612748,20220207
22100812,CHI,1610612741,PHX,1610612756,20220207
22100813,OKC,1610612760,GSW,1610612744,20220207
22100814,UTA,1610612762,NYK,1610612752,20220207
22100815,PHI,1610612755,PHX,1610612756,20220208
22100816,ATL,1610612737,IND,1610612754,20220208
22100817,BKN,1610612751,BOS,1610612738,20220208
22100818,MEM,1610612763,LAC,1610612746,20220208
22100819,NOP,1610612740,HOU,1610612745,20220208
22100820,DAL,1610612742,DET,1610612765,20220208
22100821,DEN,1610612743,NYK,1610612752,20220208
22100822,LAL,1610612747,MIL,1610612749,20220208
22100823,POR,1610612757,ORL,1610612753,20220208
22100824,SAC,1610612758,MIN,1610612750,20220208
22100825,CLE,1610612739,SAS,1610612759,20220209
22100826,CHA,1610612766,CHI,1610612741,20220209
22100827,OKC,1610612760,TOR,1610612761,20220209
22100828,UTA,1610612762,GSW,1610612744,20220209
22100829,POR,1610612757,LAL,1610612747,20220209
22100830,SAC,1610612758,MIN,1610612750,20220209
22100831,DET,1610612765,MEM,1610612763,20220210
22100832,WAS,1610612764,BKN,1610612751,20220210
22100833,NOP,1610612740,MIA,1610612748,20220210
22100834,HOU,1610612745,TOR,1610612761,20220210
22100835,DAL,1610612742,LAC,1610612746,20220210
22100836,PHX,1610612756,MIL,1610612749,20220210
22100837,GSW,1610612744,NYK,1610612752,20220210
22100838,DET,1610612765,CHA,1610612766,20220211
22100839,IND,1610612754,CLE,1610612739,20220211
22100840,PHI,1610612755,OKC,1610612760,20220211
22100841,ATL,1610612737,SAS,1610612759,20220211
22100842,BOS,1610612738,DEN,1610612743,20220211
22100843,CHI,1610612741,MIN,1610612750,20220211
22100844,UTA,1610612762,ORL,1610612753,20220211
22100845,POR,1610612757,NYK,1610612752,20220212
22100846,CHA,1610612766,MEM,1610612763,20220212
22100847,WAS,1610612764,SAC,1610612758,20220212
22100848,NOP,1610612740,SAS,1610612759,20220212
22100849,PHI,1610612755,CLE,1610612739,20220212
22100850,TOR,1610612761,DEN,1610612743,20220212
22100851,MIA,1610612748,BKN,1610612751,20220212
22100852,CHI,1610612741,OKC,1610612760,20220212
22100853,DAL,1610612742,LAC,1610612746,20220212
22100854,GSW,1610612744,LAL,1610612747,20220212
22100855,PHX,1610612756,ORL,1610612753,20220212
22100856,BOS,1610612738,ATL,1610612737,20220213
22100857,IND,1610612754,MIN,1610612750,20220213
22100858,WAS,1610612764,DET,1610612765,20220214
22100859,BKN,1610612751,SAC,1610612758,20220214
22100860,NYK,1610612752,OKC,1610612760,20220214
22100861,CHI,1610612741,SAS,1610612759,20220214
22100862,MIL,1610612749,POR,1610612757,20220214
22100863,NOP,1610612740,TOR,1610612761,20220214
22100864,DEN,1610612743,ORL,1610612753,20220214
22100865,UTA,1610612762,HOU,1610612745,20220214
22100866,LAC,1610612746,GSW,1610612744,20220214
22100867,ATL,1610612737,CLE,1610612739,20220215
22100868,MIA,1610612748,DAL,1610612742,20220215
22100869,PHI,1610612755,BOS,1610612738,20220215
22100870,MIL,1610612749,IND,1610612754,20220215
22100871,MIN,1610612750,CHA,1610612766,20220215
22100872,NOP,1610612740,MEM,1610612763,20220215
22100873,PHX,1610612756,LAC,1610612746,20220215
22100874,ORL,1610612753,ATL,1610612737,20220216
22100875,BOS,1610612738,DET,1610612765,20220216
22100876,IND,1610612754,WAS,1610612764,20220216
22100877,NYK,1610612752,BKN,1610612751,20220216
22100878,CHI,1610612741,SAC,1610612758,20220216
22100879,MEM,1610612763,POR,1610612757,20220216
22100880,MIN,1610612750,TOR,1610612761,20220216
22100881,OKC,1610612760,SAS,1610612759,20220216
22100882,PHX,1610612756,HOU,1610612745,20220216
22100883,GSW,1610612744,DEN,1610612743,20220216
22100884,LAL,1610612747,UTA,1610612762,20220216
22100885,CHA,1610612766,MIA,1610612748,20220217
22100886,NOP,1610612740,DAL,1610612742,20220217
22100887,MIL,1610612749,PHI,1610612755,20220217
22100888,LAC,1610612746,HOU,1610612745,20220217
22100889,DET,1610612765,CLE,1610612739,20220224
22100890,BKN,1610612751,BOS,1610612738,20220224
22100891,CHI,1610612741,ATL,1610612737,20220224
22100892,MIN,1610612750,MEM,1610612763,20220224
22100893,OKC,1610612760,PHX,1610612756,20220224
22100894,POR,1610612757,GSW,1610612744,20220224
22100895,SAC,1610612758,DEN,1610612743,20220224
22100896,CHA,1610612766,TOR,1610612761,20220225
22100897,IND,1610612754,OKC,1610612760,20220225
22100898,ORL,1610612753,HOU,1610612745,20220225
22100899,WAS,1610612764,SAS,1610612759,20220225
22100900,NYK,1610612752,MIA,1610612748,20220225
22100901,MIN,1610612750,PHI,1610612755,20220225
22100902,PHX,1610612756,NOP,1610612740,20220225
22100903,UTA,1610612762,DAL,1610612742,20220225
22100904,LAL,1610612747,LAC,1610612746,20220225
22100905,DET,1610612765,BOS,1610612738,20220226
22100906,ATL,1610612737,TOR,1610612761,20220226
22100907,CLE,1610612739,WAS,1610612764,20220226
22100908,MIA,1610612748,SAS,1610612759,20220226
22100909,CHI,1610612741,MEM,1610612763,20220226
22100910,MIL,1610612749,BKN,1610612751,20220226
22100911,DEN,1610612743,SAC,1610612758,20220226
22100912,NYK,1610612752,PHI,1610612755,20220227
22100913,PHX,1610612756,UTA,1610612762,20220227
22100914,IND,1610612754,BOS,1610612738,20220227
22100915,CHA,1610612766,DET,1610612765,20220227
22100916,HOU,1610612745,LAC,1610612746,20220227
22100917,GSW,1610612744,DAL,1610612742,20220227
22100918,POR,1610612757,DEN,1610612743,20220227
22100919,LAL,1610612747,NOP,1610612740,20220227
22100920,CLE,1610612739,MIN,1610612750,20220228
22100921,ORL,1610612753,IND,1610612754,20220228
22100922,MIA,1610612748,CHI,1610612741,20220228
22100923,MEM,1610612763,SAS,1610612759,20220228
22100924,MIL,1610612749,CHA,1610612766,20220228
22100925,OKC,1610612760,SAC,1610612758,20220228
22100926,WAS,1610612764,DET,1610612765,20220301
22100927,BOS,1610612738,ATL,1610612737,20220301
22100928,TOR,1610612761,BKN,1610612751,20220301
22100929,HOU,1610612745,LAC,1610612746,20220301
22100930,MIN,1610612750,GSW,1610612744,20220301
22100931,LAL,1610612747,DAL,1610612742,20220301
22100932,CLE,1610612739,CHA,1610612766,20220302
22100933,ORL,1610612753,IND,1610612754,20220302
22100934,PHI,1610612755,NYK,1610612752,20220302
22100935,HOU,1610612745,UTA,1610612762,20220302
22100936,MIL,1610612749,MIA,1610612748,20220302
22100937,NOP,1610612740,SAC,1610612758,20220302
22100938,DEN,1610612743,OKC,1610612760,20220302
22100939,PHX,1610612756,POR,1610612757,20220302
22100940,BOS,1610612738,MEM,1610612763,20220303
22100941,BKN,1610612751,MIA,1610612748,20220303
22100942,TOR,1610612761,DET,1610612765,20220303
22100943,DAL,1610612742,GSW,1610612744,20220303
22100944,SAS,1610612759,SAC,1610612758,20220303
22100945,LAC,1610612746,LAL,1610612747,20220303
22100946,DET,1610612765,IND,1610612754,20220304
22100947,PHI,1610612755,CLE,1610612739,20220304
22100948,WAS,1610612764,ATL,1610612737,20220304
22100949,CHI,1610612741,MIL,1610612749,20220304
22100950,NOP,1610612740,UTA,1610612762,20220304
22100951,OKC,1610612760,MIN,1610612750,20220304
22100952,DEN,1610612743,HOU,1610612745,20220304
22100953,PHX,1610612756,NYK,1610612752,20220304
22100954,DAL,1610612742,SAC,1610612758,20220305
22100955,CHA,1610612766,SAS,1610612759,20220305
22100956,MIA,1610612748,PHI,1610612755,20220305
22100957,MEM,1610612763,ORL,1610612753,20220305
22100958,MIN,1610612750,POR,1610612757,20220305
22100959,LAL,1610612747,GSW,1610612744,20220305
22100960,BOS,1610612738,BKN,1610612751,20220306
22100961,MIL,1610612749,PHX,1610612756,20220306
22100962,CLE,1610612739,TOR,1610612761,20220306
22100963,WAS,1610612764,IND,1610612754,20220306
22100964,HOU,1610612745,MEM,1610612763,20220306
22100965,OKC,1610612760,UTA,1610612762,20220306
22100966,LAC,1610612746,NYK,1610612752,20220306
22100967,DEN,1610612743,NOP,1610612740,20220306
22100968,DET,1610612765,ATL,1610612737,20220307
22100969,PHI,1610612755,CHI,1610612741,20220307
22100970,MIA,1610612748,HOU,1610612745,20220307
22100971,MIN,1610612750,POR,1610612757,20220307
22100972,DAL,1610612742,UTA,1610612762,20220307
22100973,SAS,1610612759,LAL,1610612747,20220307
22100974,SAC,1610612758,NYK,1610612752,20220307
22100975,CHA,1610612766,BKN,1610612751,20220308
22100976,IND,1610612754,CLE,1610612739,20220308
22100977,ORL,1610612753,PHX,1610612756,20220308
22100978,MEM,1610612763,NOP,1610612740,20220308
22100979,OKC,1610612760,MIL,1610612749,20220308
22100980,GSW,1610612744,LAC,1610612746,20220308
22100981,CHA,1610612766,BOS,1610612738,20220309
22100982,DET,1610612765,CHI,1610612741,20220309
22100983,MIA,1610612748,PHX,1610612756,20220309
22100984,MIL,1610612749,ATL,1610612737,20220309
22100985,HOU,1610612745,LAL,1610612747,20220309
22100986,MIN,1610612750,OKC,1610612760,20220309
22100987,NOP,1610612740,ORL,1610612753,20220309
22100988,DAL,1610612742,NYK,1610612752,20220309
22100989,SAS,1610612759,TOR,1610612761,20220309
22100990,UTA,1610612762,POR,1610612757,20220309
22100991,SAC,1610612758,DEN,1610612743,20220309
22100992,LAC,1610612746,WAS,1610612764,20220309
22100993,PHI,1610612755,BKN,1610612751,20220310
22100994,DEN,1610612743,GSW,1610612744,20220310
22100995,ORL,1610612753,MIN,1610612750,20220311
22100996,ATL,1610612737,LAC,1610612746,20220311
22100997,BOS,1610612738,DET,1610612765,20220311
22100998,MIA,1610612748,CLE,1610612739,20220311
22100999,HOU,1610612745,DAL,1610612742,20220311
22101000,MEM,1610612763,NYK,1610612752,20220311
22101001,NOP,1610612740,CHA,1610612766,20220311
22101002,SAS,1610612759,UTA,1610612762,20220311
22101003,PHX,1610612756,TOR,1610612761,20220311
22101004,LAL,1610612747,WAS,1610612764,20220311
22101005,MIA,1610612748,MIN,1610612750,20220312
22101006,CHI,1610612741,CLE,1610612739,20220312
22101007,SAS,1610612759,IND,1610612754,20220312
22101008,GSW,1610612744,MIL,1610612749,20220312
22101009,DEN,1610612743,TOR,1610612761,20220312
22101010,UTA,1610612762,SAC,1610612758,20220312
22101011,POR,1610612757,WAS,1610612764,20220312
22101012,BKN,1610612751,NYK,1610612752,20220313
22101013,DET,1610612765,LAC,1610612746,20220313
22101014,BOS,1610612738,DAL,1610612742,20220313
22101015,ORL,1610612753,PHI,1610612755,20220313
22101016,ATL,1610612737,IND,1610612754,20220313
22101017,NOP,1610612740,HOU,1610612745,20220313
22101018,OKC,1610612760,MEM,1610612763,20220313
22101019,PHX,1610612756,LAL,1610612747,20220313
22101020,CLE,1610612739,LAC,1610612746,20220314
22101021,ATL,1610612737,POR,1610612757,20220314
22101022,PHI,1610612755,DEN,1610612743,20220314
22101023,OKC,1610612760,CHA,1610612766,20220314
22101024,SAS,1610612759,MIN,1610612750,20220314
22101025,GSW,1610612744,WAS,1610612764,20220314
22101026,SAC,1610612758,CHI,1610612741,20220314
22101027,UTA,1610612762,MIL,1610612749,20220314
22101028,LAL,1610612747,TOR,1610612761,20220314
22101029,IND,1610612754,MEM,1610612763,20220315
22101030,ORL,1610612753,BKN,1610612751,20220315
22101031,MIA,1610612748,DET,1610612765,20220315
22101032,NOP,1610612740,PHX,1610612756,20220315
22101033,CHA,1610612766,ATL,1610612737,20220316
22101034,CLE,1610612739,PHI,1610612755,20220316
22101035,WAS,1610612764,DEN,1610612743,20220316
22101036,BKN,1610612751,DAL,1610612742,20220316
22101037,NYK,1610612752,POR,1610612757,20220316
22101038,HOU,1610612745,PHX,1610612756,20220316
22101039,MIN,1610612750,LAL,1610612747,20220316
22101040,SAS,1610612759,OKC,1610612760,20220316
22101041,UTA,1610612762,CHI,1610612741,20220316
22101042,GSW,1610612744,BOS,1610612738,20220316
22101043,SAC,1610612758,MIL,1610612749,20220316
22101044,LAC,1610612746,TOR,1610612761,20220316
22101045,ORL,1610612753,DET,1610612765,20220317
22101046,PHI,1610612755,DAL,1610612742,20220318
22101047,ATL,1610612737,MEM,1610612763,20220318
22101048,BKN,1610612751,POR,1610612757,20220318
22101049,CLE,1610612739,DEN,1610612743,20220318
22101050,NYK,1610612752,WAS,1610612764,20220318
22101051,TOR,1610612761,LAL,1610612747,20220318
22101052,MIA,1610612748,OKC,1610612760,20220318
22101053,HOU,1610612745,IND,1610612754,20220318
22101054,SAS,1610612759,NOP,1610612740,20220318
22101055,UTA,1610612762,LAC,1610612746,20220318
22101056,PHX,1610612756,CHI,1610612741,20220318
22101057,SAC,1610612758,BOS,1610612738,20220318
22101058,MIN,1610612750,MIL,1610612749,20220319
22101059,CHA,1610612766,DAL,1610612742,20220319
22101060,CLE,1610612739,DET,1610612765,20220319
22101061,WAS,1610612764,LAL,1610612747,20220319
22101062,IND,1610612754,POR,1610612757,20220320
22101063,HOU,1610612745,MEM,1610612763,20220320
22101064,ATL,1610612737,NOP,1610612740,20220320
22101065,ORL,1610612753,OKC,1610612760,20220320
22101066,SAC,1610612758,PHX,1610612756,20220320
22101067,NYK,1610612752,UTA,1610612762,20220320
22101068,DEN,1610612743,BOS,1610612738,20220320
22101069,PHI,1610612755,TOR,1610612761,20220320
22101070,GSW,1610612744,SAS,1610612759,20220320
22101071,CHA,1610612766,NOP,1610612740,20220321
22101072,CLE,1610612739,LAL,1610612747,20220321
22101073,DET,1610612765,POR,1610612757,20220321
22101074,PHI,1610612755,MIA,1610612748,20220321
22101075,BKN,1610612751,UTA,1610612762,20220321
22101076,CHI,1610612741,TOR,1610612761,20220321
22101077,HOU,1610612745,WAS,1610612764,20220321
22101078,OKC,1610612760,BOS,1610612738,20220321
22101079,DAL,1610612742,MIN,1610612750,20220321
22101080,ORL,1610612753,GSW,1610612744,20220322
22101081,NYK,1610612752,ATL,1610612737,20220322
22101082,MIL,1610612749,CHI,1610612741,20220322
22101083,DEN,1610612743,LAC,1610612746,20220322
22101084,CHA,1610612766,NYK,1610612752,20220323
22101085,DET,1610612765,ATL,1610612737,20220323
22101086,IND,1610612754,SAC,1610612758,20220323
22101087,BOS,1610612738,UTA,1610612762,20220323
22101088,MIA,1610612748,GSW,1610612744,20220323
22101089,MEM,1610612763,BKN,1610612751,20220323
22101090,MIN,1610612750,PHX,1610612756,20220323
22101091,OKC,1610612760,ORL,1610612753,20220323
22101092,DAL,1610612742,HOU,1610612745,20220323
22101093,LAL,1610612747,PHI,1610612755,20220323
22101094,POR,1610612757,SAS,1610612759,20220323
22101095,TOR,1610612761,CLE,1610612739,20220324
22101096,MEM,1610612763,IND,1610612754,20220324
22101097,MIL,1610612749,WAS,1610612764,20220324
22101098,NOP,1610612740,CHI,1610612741,20220324
22101099,DEN,1610612743,PHX,1610612756,20220324
22101100,CHA,1610612766,UTA,1610612762,20220325
22101101,DET,1610612765,WAS,1610612764,20220325
22101102,ATL,1610612737,GSW,1610612744,20220325
22101103,MIA,1610612748,NYK,1610612752,20220325
22101104,MIN,1610612750,DAL,1610612742,20220325
22101105,POR,1610612757,HOU,1610612745,20220325
22101106,LAC,1610612746,PHI,1610612755,20220325
22101107,NOP,1610612740,SAS,1610612759,20220326
22101108,ORL,1610612753,SAC,1610612758,20220326
22101109,TOR,1610612761,IND,1610612754,20220326
22101110,CLE,1610612739,CHI,1610612741,20220326
22101111,MIA,1610612748,BKN,1610612751,20220326
22101112,MEM,1610612763,MIL,1610612749,20220326
22101113,DEN,1610612743,OKC,1610612760,20220326
22101114,POR,1610612757,HOU,1610612745,20220326
22101115,DET,1610612765,NYK,1610612752,20220327
22101116,BOS,1610612738,MIN,1610612750,20220327
22101117,WAS,1610612764,GSW,1610612744,20220327
22101118,PHX,1610612756,PHI,1610612755,20220327
22101119,NOP,1610612740,LAL,1610612747,20220327
22101120,BKN,1610612751,CHA,1610612766,20220327
22101121,DAL,1610612742,UTA,1610612762,20220327
22101122,CHA,1610612766,DEN,1610612743,20220328
22101123,CLE,1610612739,ORL,1610612753,20220328
22101124,IND,1610612754,ATL,1610612737,20220328
22101125,MIA,1610612748,SAC,1610612758,20220328
22101126,NYK,1610612752,CHI,1610612741,20220328
22101127,TOR,1610612761,BOS,1610612738,20220328
22101128,HOU,1610612745,SAS,1610612759,20220328
22101129,MEM,1610612763,GSW,1610612744,20220328
22101130,POR,1610612757,OKC,1610612760,20220328
22101131,PHI,1610612755,MIL,1610612749,20220329
22101132,WAS,1610612764,CHI,1610612741,20220329
22101133,BKN,1610612751,DET,1610612765,20220329
22101134,DAL,1610612742,LAL,1610612747,20220329
22101135,LAC,1610612746,UTA,1610612762,20220329
22101136,CLE,1610612739,DAL,1610612742,20220330
22101137,IND,1610612754,DEN,1610612743,20220330
22101138,WAS,1610612764,ORL,1610612753,20220330
22101139,BOS,1610612738,MIA,1610612748,20220330
22101140,NYK,1610612752,CHA,1610612766,20220330
22101141,TOR,1610612761,MIN,1610612750,20220330
22101142,HOU,1610612745,SAC,1610612758,20220330
22101143,OKC,1610612760,ATL,1610612737,20220330
22101144,SAS,1610612759,MEM,1610612763,20220330
22101145,GSW,1610612744,PHX,1610612756,20220330
22101146,POR,1610612757,NOP,1610612740,20220330
22101147,DET,1610612765,PHI,1610612755,20220331
22101148,BKN,1610612751,MIL,1610612749,20220331
22101149,CHI,1610612741,LAC,1610612746,20220331
22101150,UTA,1610612762,LAL,1610612747,20220331
22101151,ORL,1610612753,TOR,1610612761,20220401
22101152,WAS,1610612764,DAL,1610612742,20220401
22101153,BOS,1610612738,IND,1610612754,20220401
22101154,HOU,1610612745,SAC,1610612758,20220401
22101155,MEM,1610612763,PHX,1610612756,20220401
22101156,MIL,1610612749,LAC,1610612746,20220401
22101157,OKC,1610612760,DET,1610612765,20220401
22101158,SAS,1610612759,POR,1610612757,20220401
22101159,DEN,1610612743,MIN,1610612750,20220401
22101160,LAL,1610612747,NOP,1610612740,20220401
22101161,PHI,1610612755,CHA,1610612766,20220402
22101162,NYK,1610612752,CLE,1610612739,20220402
22101163,ATL,1610612737,BKN,1610612751,20220402
22101164,CHI,1610612741,MIA,1610612748,20220402
22101165,GSW,1610612744,UTA,1610612762,20220402
22101166,BOS,1610612738,WAS,1610612764,20220403
22101167,MIL,1610612749,DAL,1610612742,20220403
22101168,LAL,1610612747,DEN,1610612743,20220403
22101169,IND,1610612754,DET,1610612765,20220403
22101170,CLE,1610612739,PHI,1610612755,20220403
22101171,ORL,1610612753,NYK,1610612752,20220403
22101172,TOR,1610612761,MIA,1610612748,20220403
22101173,HOU,1610612745,MIN,1610612750,20220403
22101174,OKC,1610612760,PHX,1610612756,20220403
22101175,SAS,1610612759,POR,1610612757,20220403
22101176,SAC,1610612758,GSW,1610612744,20220403
22101177,LAC,1610612746,NOP,1610612740,20220403
22101178,IND,1610612754,PHI,1610612755,20220405
22101179,ORL,1610612753,CLE,1610612739,20220405
22101180,BKN,1610612751,HOU,1610612745,20220405
22101181,MIA,1610612748,CHA,1610612766,20220405
22101182,TOR,1610612761,ATL,1610612737,20220405
22101183,CHI,1610612741,MIL,1610612749,20220405
22101184,MIN,1610612750,WAS,1610612764,20220405
22101185,OKC,1610612760,POR,1610612757,20220405
22101186,DEN,1610612743,SAS,1610612759,20220405
22101187,UTA,1610612762,MEM,1610612763,20220405
22101188,SAC,1610612758,NOP,1610612740,20220405
22101189,PHX,1610612756,LAL,1610612747,20220405
22101190,DET,1610612765,DAL,1610612742,20220406
22101191,NYK,1610612752,BKN,1610612751,20220406
22101192,ATL,1610612737,WAS,1610612764,20220406
22101193,CHI,1610612741,BOS,1610612738,20220406
22101194,UTA,1610612762,OKC,1610612760,20220406
22101195,LAC,1610612746,PHX,1610612756,20220406
22101196,CHA,1610612766,ORL,1610612753,20220407
22101197,TOR,1610612761,PHI,1610612755,20220407
22101198,MIL,1610612749,BOS,1610612738,20220407
22101199,MIN,1610612750,SAS,1610612759,20220407
22101200,NOP,1610612740,POR,1610612757,20220407
22101201,DEN,1610612743,MEM,1610612763,20220407
22101202,GSW,1610612744,LAL,1610612747,20220407
22101203,DET,1610612765,MIL,1610612749,20220408
22101204,WAS,1610612764,NYK,1610612752,20220408
22101205,BKN,1610612751,CLE,1610612739,20220408
22101206,TOR,1610612761,HOU,1610612745,20220408
22101207,MIA,1610612748,ATL,1610612737,20220408
22101208,CHI,1610612741,CHA,1610612766,20220408
22101209,DAL,1610612742,POR,1610612757,20220408
22101210,UTA,1610612762,PHX,1610612756,20220408
22101211,LAL,1610612747,OKC,1610612760,20220408
22101212,LAC,1610612746,SAC,1610612758,20220409
22101213,MEM,1610612763,NOP,1610612740,20220409
22101214,PHI,1610612755,IND,1610612754,20220409
22101215,SAS,1610612759,GSW,1610612744,20220409
22101216,BKN,1610612751,IND,1610612754,20220410
22101217,CHA,1610612766,WAS,1610612764,20220410
22101218,CLE,1610612739,MIL,1610612749,20220410
22101219,DAL,1610612742,SAS,1610612759,20220410
22101220,DEN,1610612743,LAL,1610612747,20220410
22101221,HOU,1610612745,ATL,1610612737,20220410
22101222,LAC,1610612746,OKC,1610612760,20220410
22101223,MEM,1610612763,BOS,1610612738,20220410
22101224,MIN,1610612750,CHI,1610612741,20220410
22101225,NOP,1610612740,GSW,1610612744,20220410
22101226,NYK,1610612752,TOR,1610612761,20220410
22101227,ORL,1610612753,MIA,1610612748,20220410
22101228,PHI,1610612755,DET,1610612765,20220410
22101229,PHX,1610612756,SAC,1610612758,20220410
22101230,POR,1610612757,UTA,1610612762,20220410